Class,Precision,Recall,F1-Score,Support
Non-Offensive,0.6647727272727273,0.2611607142857143,0.375,896
Offensive,0.3970856102003643,0.7870036101083032,0.5278450363196125,554
Macro Avg,0.5309291687365458,0.5240821621970088,0.4514225181598063,1450
